Header1,Header2,Header3,Header4,Header5,Header6,Header7,Header8,Header9
65,7,63,99,80,1,65,79,10
97,,,,17,81,97,48,65
31,,,,62,98,47,6,14
96,,,,73,98,76,92,16
55,100,85,9,56,68,77,12,65
,,,,,,,,
74,26,96,41,35,63,99,25,5
56,62,90,90,79,12,76,33,75
74,34,74,71,90,60,83,71,74
,,,42,86,71,16,82,28
60,28,72,25,59,95,39,66,36
61,50,89,12,47,59,84,71,4
9,86,61,5,23,67,95,58,80
96,33,94,18,69,53,31,62,93
60,20,47,79,74,23,47,73,15
45,87,77,83,52,20,30,49,
5,46,50,29,6,38,99,23,
58,79,23,30,59,75,39,67,
30,72,82,16,83,6,23,42,
38,87,93,34,20,89,51,63,
15,94,7,53,64,51,60,27,27
99,15,4,41,81,69,46,67,95
37,80,32,5,62,73,15,10,92
38,1,34,5,6,69,90,68,2
45,5,60,63,14,74,65,82,85
11,14,79,85,89,65,31,91,19
