sex,income
male,50335.98499488557
male,39711.5775650631
male,45124.36944253615
male,38807.302209644724
male,44000.65906141199
male,32346.978809915476
male,47160.750389728986
male,56472.01794816917
male,53551.73175083382
male,53835.681425091905
male,46946.82197925947
male,52925.556114155734
male,30329.06679696418
male,41903.87630325646
male,39633.87641517017
male,57703.00034929487
male,58283.05265425361
male,31965.345532850195
male,59209.05204086142
male,40587.38436695804
male,44043.76744662782
male,55807.486564913626
male,22654.88560488729
male,45693.167982124236
male,26934.92188307409
male,66669.89376557447
male,45270.75453941568
male,40250.779047270284
male,32244.89366122346
male,66581.3180425519
male,46702.31785621277
male,43872.40424126315
male,40231.69215180326
male,58302.38860793836
male,19177.98446657251
male,46419.045739465
male,13009.981847681172
male,28502.15842643589
male,34729.13274658852
male,45338.14907730056
male,38605.3191765842
male,47003.78443560886
male,47086.218668096095
male,55584.34761661744
male,33664.97614701585
male,41378.176630578026
male,22704.25526518845
male,26031.49771395707
male,28313.847478248063
male,42973.26932486627
male,31275.985161683497
male,48472.99414410905
male,42181.52374585089
male,58249.26965337543
male,28352.071579470976
male,26262.323043546257
male,34489.27563544685
male,53541.36173540314
male,45549.091386107124
male,63999.98837367937
male,46256.960429227
male,54281.19641932578
male,42275.55841316208
male,29320.151741062087
male,44763.875010153446
male,31979.72264273564
male,49392.83946568849
male,45976.94893222752
male,39160.13730814234
male,35773.34248262565
male,43065.432688246234
male,58773.644772908905
male,50420.84531431071
male,22467.044467625077
male,28869.430806713044
male,42270.888354465445
male,45293.93944268037
male,46379.28449865674
male,51223.509292450326
male,38015.94993573199
male,45603.70209846624
male,40103.832408782146
male,35546.72110159884
male,57338.09648248386
male,34510.15004233068
male,42168.69430933368
male,38108.98761259234
male,41945.32086834356
male,50188.333775504594
male,34676.052436580845
male,48421.47914206326
male,54040.06135893974
male,49294.67669767587
male,60725.17263924951
male,41981.24564772951
male,37941.66263952608
male,35600.199410796784
male,23068.565680566582
male,32224.458761018293
male,41239.49164535096
male,34281.07674902514
male,43562.93255492552
male,34464.21665542648
male,38123.881262101975
male,38687.61950992581
male,39294.09699396191
male,44069.3918925136
male,56376.479403367855
male,46075.62237876863
male,57060.27390581901
male,58885.88593313758
male,44622.928112373665
male,54031.6897838149
male,40751.141114038146
male,51151.86380296467
male,45616.57481358557
male,24356.347815395762
male,53018.7459873826
male,34808.93161798113
male,46897.80135556768
male,23581.64338203517
male,37951.773791934575
male,32462.785227999815
male,49103.88582358544
male,35995.82837503247
male,45997.35745617112
male,46092.06052137107
male,34832.9574817202
male,56090.65404902668
male,33534.41707493565
male,38686.368790908986
male,44319.04727933904
male,50092.99640443499
male,41768.64694683632
male,35077.404416563404
male,26012.209326684075
male,28788.99481009484
male,23020.86830469005
male,50623.750199506445
male,30941.566561670366
male,39704.606719037416
male,25981.68805116908
male,59191.03106993146
male,40623.0855612268
male,27882.234771845084
male,44772.85293111678
male,55738.664490641895
male,56732.4874569003
male,26507.49991769428
male,39337.80430440267
male,48920.23885399249
male,39230.81915927189
male,44541.2950653954
male,52847.64645863638
male,28318.720329327265
male,34971.179667670855
male,40598.13972063217
male,51809.225309492416
male,60178.44914954655
male,40162.72539171162
male,58182.33521553554
male,54061.13487493691
male,47452.989777029754
male,50668.25188051587
male,29351.792770125245
male,15503.86780856782
male,24712.951247358214
male,35944.40946015379
male,23981.4506321062
male,49623.244553561985
male,48036.512159976235
male,59318.67135821461
male,38682.21464620717
male,46266.04767722092
male,39580.22032831211
male,62245.92472361804
male,31737.907545536767
male,29214.87193718478
male,19002.33248092768
male,37557.1921143296
male,57182.672116838854
male,41832.18284222949
male,40305.75440143115
male,52344.80979895716
male,30506.352721032858
male,28181.50562100422
male,40351.83003824303
male,50128.41242444554
male,78685.0295709386
male,49295.851850836036
male,44100.6798642295
male,39474.969810133174
male,45787.986351960804
male,43290.91210613074
male,22557.706654763606
male,45722.38207973711
male,40398.89917283479
male,62543.61865433415
male,48436.187776276296
male,62411.680889077375
male,69784.65927605997
male,52177.906044246825
male,55029.52640783567
male,58117.138336823795
male,59665.95785330689
male,66878.22014686819
male,28371.063327276297
male,49444.35188203088
male,33273.360113040886
male,49009.5280907168
male,40305.90216020138
male,55158.38255565617
male,17461.172534368703
male,38125.3697012325
male,42593.920445824784
male,33489.18963312563
male,55152.37345645081
male,33144.13120321035
male,42415.936971072
male,41588.65995675315
male,37728.41911436573
male,25623.682988685763
male,31798.887687245387
male,61317.7711531603
male,29131.46800614733
male,24602.158452233776
male,36908.43224666572
male,39188.9075972644
male,40615.69554518238
male,62897.64956240666
male,44391.56490731802
male,49782.79909518357
male,39553.50463166496
male,28767.782745070042
male,34032.19033914428
male,69434.59365373265
male,44515.94844734475
male,42814.04249903667
male,55903.490087037055
male,26400.438211837354
male,35251.68104991449
male,37228.6523713519
male,64220.42386145125
male,44210.671703113876
male,35940.1141943653
male,30323.174296420722
male,30780.556387972345
male,17682.503546756776
male,46250.935061668
male,55925.81434188806
male,40112.222512737724
male,46073.01674959001
male,32918.99867131047
male,48196.522420205125
male,32706.72326965873
male,39694.53918144007
male,46154.8496331717
male,47530.83684207103
male,27368.88307992419
male,27701.655354987008
male,46681.549893216594
male,56874.763983495475
male,56793.0888435921
male,55736.348515778445
male,21503.738744374463
male,40103.52476602026
male,65570.75651996282
male,50962.37758946216
male,53957.55446488528
male,46581.13105929041
male,33315.8173642679
male,52064.850555446465
male,45536.38462042891
male,49742.538311046526
male,37397.6004076834
male,52649.476612417966
male,25771.802840509783
male,49145.68714851502
male,35250.83734196033
male,22271.71642726796
male,38541.0523665957
male,36268.10767458227
male,34861.27613312017
male,57103.816790792655
male,41243.065081442095
male,44214.327620263684
male,32387.72017190897
male,46373.329626231396
male,44372.22774072566
male,24817.128047515554
male,67482.9890424769
male,59262.94227286593
male,40156.17674961169
male,63684.162535796124
male,43290.85506720405
male,53090.57988212356
male,48698.494199580506
male,32600.4601840315
male,67550.03302491672
male,37540.026416000685
male,28856.278113539833
male,22250.394478725673
male,31841.823759989307
male,36292.41961730058
male,42214.972501318516
male,37122.66226053274
male,38634.84039245738
male,32788.29730654016
male,40410.537479738756
male,55552.53226026333
male,59204.06287677886
male,40980.663205461366
male,30249.957010349648
male,45935.353136336664
male,53893.23958131059
male,27617.083044010018
male,57214.265740510666
male,31741.852865491255
male,36185.818726103615
male,45258.54321819571
male,22334.155031543094
male,27938.252666317432
male,33041.6942861838
male,56337.80334366499
male,19325.825106165885
male,66277.31682291279
male,41454.337297481274
male,19909.195848477902
male,43907.2118783693
male,45034.46440498709
male,60104.04296407472
male,58421.903121516894
male,49016.64264780848
male,38676.484274563016
male,58281.36095938166
male,32890.27496825674
male,44144.69673888608
male,40545.05238549242
male,59373.30180757806
male,39384.39296679807
male,28602.721336935283
male,53861.94595902883
male,30328.171710827024
male,48724.45792232675
male,52383.33625805674
male,40471.71275621199
male,46248.12948027455
male,47672.13907358355
male,44291.77747326814
male,42207.685385496836
male,21998.17553539735
male,51910.430006792034
male,18754.316059267592
male,48818.3364398528
male,21448.725859683884
male,17881.810880598532
male,51624.1725570674
male,30333.489746211977
male,53927.058627569306
male,22432.025891540525
male,46953.456631460955
male,48563.11554753526
male,41828.434032539444
male,43706.70792585948
male,58086.71957140646
male,54246.345242352414
male,62282.734248332235
male,28120.024841958424
male,27573.847102572538
male,9088.626375233507
male,49627.91440902496
male,48980.05836784302
male,51134.34121355605
male,33472.02541788106
male,49094.14585531401
male,48367.936149820765
male,43400.93167353501
male,21770.087688763495
male,32140.15384826449
male,74211.12548786019
male,44387.336359032866
male,46450.07115772502
male,41403.89048422844
male,15971.068545952756
male,51125.948366847944
male,63178.146331406024
male,54928.82810588619
male,56277.529271849504
male,69212.28030583421
male,57283.00548827159
male,59423.30615566735
male,16014.267102006155
male,40192.55139552784
male,49601.06282225391
male,46769.752936390716
male,40855.73249213963
male,31605.886347063482
male,40516.19121696267
male,42725.94019936773
male,45822.51936887954
male,65184.36117588992
male,34311.78568788443
male,10575.096367102133
male,52655.316346077685
male,33733.0096671206
male,29971.26878604999
male,24470.551525155417
male,30408.65091618276
male,34104.76173161175
male,42948.05110633037
male,54314.262718210826
male,21782.314248657352
male,37230.37534210839
male,16150.028579543483
male,43631.84213911152
male,42510.947507389
male,28168.139070634123
male,46316.5712049242
male,47378.234086463046
male,28932.615819358412
male,38599.3588533641
male,50583.50731946821
male,60327.684068754555
male,22701.462067122717
male,44313.80484283931
male,49040.79983903744
male,39452.19885518312
male,45862.99227011195
male,47679.71263548441
male,52064.32664350448
male,30508.10708119503
male,45700.77249416896
male,39154.027604094044
male,58155.19924395075
male,24548.90492803802
male,58724.78475990594
male,44580.952393532265
male,19251.23907831371
male,56178.51739271679
male,78287.17686977958
male,28223.34363297386
male,27306.21557012817
male,35665.241682348555
male,41150.234121316746
male,56444.941928870125
male,48152.93015696431
male,57246.51769506244
male,59786.50401319792
male,43348.836030233324
male,50664.109625015655
male,44462.00383211881
male,30028.432917389768
male,47041.11294548019
male,56980.39265581089
male,31506.1719972375
male,41884.139523046346
male,18304.844656805857
male,46659.42849649082
male,57010.34791615172
male,56368.755051967106
male,32020.289363719574
male,55051.21112017447
male,39600.13255431916
male,40364.277274077365
male,40564.28531892446
male,25790.600274360426
male,43860.27097449535
male,53310.9592046747
male,39565.763946286366
male,52377.980198599274
male,38138.786776299945
male,19311.801604844954
male,29998.769354576074
male,48059.587520193505
male,27212.279983375087
male,51914.021870182216
male,28766.962183006126
male,25761.70841766995
male,45442.90188402541
male,37176.65844414099
male,53284.12259308751
male,41076.975385283105
male,20927.260988828963
male,71944.40968183165
male,55111.123879000625
male,46406.544008942234
male,17908.736205610086
male,31202.117520789587
male,20675.854424882324
male,32134.133516836933
male,51520.87445191215
male,60049.56238586085
male,52661.99201248704
male,35829.55176522431
male,25508.540337072758
male,30260.213557181625
male,66476.615053261
male,53032.72296906668
male,48343.55579527061
male,27720.58787361845
male,42823.51740814998
male,34035.82319201508
male,41825.9364274708
male,54170.02015677067
male,53045.34916825878
male,66912.54952931673
male,40542.994727740006
male,27625.376976702653
male,46373.78124873123
male,50575.26883137065
male,28430.61322439503
male,54587.56970408701
male,44777.52245693588
male,46889.05461731937
male,57184.63233985389
male,43166.87286491483
male,46085.992139763344
male,31036.794103956305
male,48382.51938492353
male,32055.331592144677
male,43511.78793527517
male,57455.54342438847
male,27568.029317207296
male,42523.03783945627
male,26436.904457292894
male,39440.1525990774
male,42513.803827453754
male,43759.39143624413
male,56322.33270956045
male,46306.74541328308
male,56741.372338567126
male,60778.39597906279
male,39143.73623889728
male,47162.90248687156
male,52775.47332158085
male,48470.22024429428
male,41991.28517150711
male,37801.05818009579
male,48598.57979821377
male,45250.981467147445
male,49823.61447315059
male,35074.63347944638
male,54277.14139337217
male,51890.519124849896
male,36680.68816870984
male,55537.49210576361
male,35366.81052890009
male,53655.19847932474
male,35149.585564710476
male,54350.28402685318
male,40820.32453138917
male,30947.595793634428
male,44887.77040046087
male,33629.60523471353
male,43875.66970092434
male,58407.23286161378
male,36430.392954958814
male,24685.871363793733
male,51021.15240808613
male,38178.89055630128
male,70546.80045837857
male,46210.74720957994
male,49271.783926756485
male,59414.14033685231
male,50860.303983085265
male,63396.29806590864
male,32973.680331115254
male,42562.27110342703
male,39285.208458362315
male,49583.27376428594
male,48232.56331034578
male,34952.99539030026
male,38181.395303945945
male,41886.86327239929
male,46529.429301293385
male,43914.25476512264
male,46373.44522229655
male,61868.15865037361
male,39533.63773444869
male,47580.955360339525
male,58524.82378251611
male,21473.873561799603
male,50518.11398195727
male,40715.82300465832
male,33270.63293793954
male,30006.125839040506
male,64980.22115129853
male,61361.19548906213
male,28348.201720519468
male,22197.455853669802
male,42511.939764775656
male,34018.54216054817
male,54515.812176132174
male,43096.10160873426
male,53663.543167095435
male,47635.44095602165
male,43704.926488509875
male,62495.22871221198
male,29869.66104783052
male,35878.52778613474
male,35208.66523468742
male,30982.220049398045
male,23449.927639177786
male,36185.89593182903
male,35691.51547313151
male,52039.48981438192
male,50111.54854826896
male,51943.10106081288
male,33644.90843471599
male,58471.444560238175
male,31791.214190077488
male,39134.53010308894
male,44374.477990437204
male,32955.419890266974
male,46604.97579152656
male,26340.397843564813
male,38135.54412248509
male,44677.22032652227
male,49065.084221366014
male,42875.86162166385
male,25794.865509865893
male,25874.50104177248
male,34794.95618085138
male,46494.538832520164
male,43222.24574991425
male,69162.77940627068
male,31763.082528219005
male,43420.81084521879
male,42803.096238331025
male,23681.755138761975
male,36430.327305968225
male,51292.87625900312
male,52333.35704939714
male,32016.339692731195
male,39261.66741435512
male,32465.294210995577
male,23265.66354215283
male,49995.41010173139
male,39471.94688393897
male,42334.46568189007
male,44475.8765194633
male,50309.86083411687
male,57894.60972549731
male,37472.296736330245
male,23112.63858878513
male,29231.13503389097
male,57128.24497145243
male,56949.882361165175
male,46031.32425555889
male,18245.157488640103
male,47716.61825070125
male,59331.315377314044
male,40059.79632073088
male,29604.632118610883
male,60327.6666954821
male,41046.23864845094
male,52552.20647067226
male,31586.476242222085
male,69163.97260975908
male,20606.627532511724
male,40517.627848391334
male,62257.23210429789
male,32529.39406019288
male,34519.80964706157
male,47104.124648333076
male,54618.441651060704
male,35955.33641718427
male,52006.110600444954
male,61947.802465893394
male,41556.638824578855
male,41353.89095992738
male,48505.21208645235
male,60861.83895609672
male,44115.61450655833
male,33855.112611152326
male,39846.21106649815
male,42712.807679967205
male,57688.88409512063
male,33280.416099569666
male,39046.98861283804
male,53557.93791812952
male,51092.94979371173
male,67267.6879856655
male,42180.544031734644
male,31935.373616805038
male,39651.28122356757
male,41074.96810447767
male,38175.27184062251
male,63939.34170618181
male,36786.96783536823
male,20428.48667714763
male,33036.22055146623
male,44203.58974821577
male,70663.13935291309
male,45664.64483832595
male,42903.17647492116
male,41550.494879786755
male,35506.78107190183
male,65306.856548390984
male,43115.840407379204
male,29372.8680686091
male,25538.35702737934
male,47579.09102474186
male,45879.24089727554
male,41151.473837500256
male,30943.721321046392
male,54755.94626627802
male,40886.97483642261
male,41546.44189470049
male,65737.27159516423
male,27396.32117471632
male,52368.832902989416
male,45604.874864755366
male,50298.53728466384
male,58872.37069904046
male,21544.344854017556
male,47502.100092737826
male,27727.110719991546
male,53317.75011006197
male,53407.9396602981
male,32985.475745407086
male,22610.21067430526
male,43421.90189167427
male,41492.06814377131
male,66623.45028356124
male,30346.19584148978
male,26646.096342746754
male,36081.76570769328
male,45853.608279152046
male,23702.048884235883
male,48779.0844645188
male,44665.49606506118
male,17399.650767474144
male,51665.89126928218
male,40418.6334793611
male,36185.40789188373
male,41885.82746909348
male,26187.194868621362
male,44673.962076338976
male,65450.653746413234
male,45634.40620330523
male,59624.29316170848
male,25211.82587798057
male,42601.303296845705
male,39801.520629921564
male,51425.78714006991
male,51351.6455305721
male,49963.98590816451
male,36016.33314541736
male,38616.29124445083
male,60254.61833494902
male,34210.942551743545
male,47254.32035479823
male,50001.24324379371
male,58319.743722391744
male,42969.271133093214
male,42100.163630065676
male,30643.419769433385
male,42039.090960730275
male,39121.43627354713
male,64022.77154279468
male,32586.307310745553
male,38532.0830501843
male,47104.56390592959
male,52223.929716322644
male,30192.48050194444
male,46383.94021057285
male,40681.45870584203
male,52957.622112852674
male,56938.935343397236
male,41150.42458169753
male,39479.47906022005
male,38191.7963321964
male,32615.931955558794
male,64483.44799523671
male,42593.082198382996
male,39794.18320559939
male,44874.539239492915
male,50298.31836611244
male,12411.10110829668
male,24004.861213180906
male,57182.60732975018
male,38024.04258586939
male,42173.77197272925
male,45748.62069123001
male,56679.260760306446
male,48506.595405374836
male,64758.231547562755
male,30850.089559913136
male,54057.586741616265
male,44046.383285293785
male,50631.681251395814
male,20161.460398690626
male,55326.184512005486
male,59448.86388324753
male,37846.375348049914
male,44746.13747378818
male,53359.670910799585
male,42159.27355715121
male,37677.90569033102
male,40479.21856648371
male,45947.70809967586
male,44408.159381563404
male,52501.007783455956
male,21428.066975045647
male,47067.2646514377
male,62900.12232642031
male,48643.02055779027
male,49551.40001214725
male,29152.05249199998
male,36009.84672258404
male,39365.823431950754
male,61560.18704681863
male,25040.1014738009
male,46905.981572523306
male,34249.59101089585
male,51194.70070753494
male,36863.40199804473
male,52908.71363208812
male,48492.14096764077
male,39210.828300055466
male,53304.575121235925
male,60772.742173211096
male,42447.446689031756
male,26753.314619826127
male,39062.830607348245
male,23405.514075143634
male,46672.49399996752
male,45202.258665067784
male,48993.33863304309
male,30411.356440721913
male,59436.60273038696
male,38716.87771430518
male,56965.80647281813
male,55960.20907290272
male,38799.7696209984
male,36782.63499381087
male,42899.754285121635
male,30146.29139283191
male,26203.34166619254
male,27725.796905746673
male,39492.1110931512
male,55780.00033615357
male,25401.44804370503
male,43883.21509244525
male,26276.685057680777
male,17146.376805001066
male,66619.26853223963
male,62582.10260844181
male,22539.839797792403
male,41693.43478135756
male,54247.26288580107
male,39543.40048811725
male,56756.82697438133
male,48694.08543227877
male,41223.47742828006
male,51971.86969528422
male,61239.274130686026
male,34826.01293712304
male,42423.66864199112
male,63515.172245816175
male,41137.30080008347
male,33930.75623718617
male,53898.67308189625
male,30903.85489141381
male,26039.990075735088
male,59878.4685445426
male,16152.471649047186
male,37681.22526233631
male,45360.57700566125
male,54263.389464673484
male,34070.83536175628
male,23653.630265724863
male,36518.216857787644
male,44802.79136184949
male,54260.0407193872
male,40598.80702950647
male,35234.09154202846
male,41363.04711751291
male,24410.497009565628
male,28826.30053187924
male,37425.05050781705
male,47363.806610663916
male,61095.81658500881
male,30128.44871970845
male,55782.21421965929
male,40079.10248544469
male,49925.371995066125
male,45744.12795089109
male,54806.644874879894
male,36055.838117581094
male,40164.28816430577
male,21454.8221927815
male,52707.52582403829
male,28297.034864134148
male,65901.51099039779
male,34863.774741262096
male,35942.401052290246
male,15115.1243245997
male,58774.28894767315
male,52020.63101603133
male,52435.763554019206
male,37027.08973938613
male,28817.919849703296
male,60996.654819646006
male,62248.29974905947
male,41977.7749147723
male,37070.78923713923
male,10874.751370090142
male,31215.89792385799
male,29219.31463571091
male,36471.13425130617
male,43263.75092178755
male,42409.28470524633
male,45257.32061271212
male,38355.32655511992
male,20601.092696276664
male,32574.78122468524
male,29957.666078416907
male,36675.65220866968
male,46800.17742899558
male,44773.793619827986
male,40419.68133145774
male,64359.77818247954
male,39364.526420587164
male,55078.9249997448
male,58879.74263657663
male,52449.811382598265
male,62549.858346980436
male,42642.504111077404
male,44893.33293116735
male,38138.85343851052
male,54765.839554938924
male,59371.6504301063
male,39143.600832588054
male,47119.56683263494
male,47612.49230894945
male,39573.75860228141
male,52905.54157989856
male,53219.438517092894
male,30310.390325021086
male,45661.85700212309
male,46784.827557723605
male,44758.89625428682
male,45134.12130998633
male,50044.3975916249
male,53732.866664842164
male,63709.25475104593
male,37033.549874548255
male,43032.62821090159
male,27039.596567194483
male,19654.622006523594
male,26762.210861220836
male,36248.880686090444
male,69962.66361195582
male,41824.03304051966
male,27196.71988066643
male,32404.750183214495
male,54025.56700116362
male,44893.088144191526
male,50404.47979717542
male,73220.00741905656
male,63210.7587438578
male,38559.641492246046
male,38388.4211703138
male,60044.40084252141
male,54688.07497047795
male,45426.59998438991
male,22227.38100104677
male,62894.86359823649
male,34589.96514294761
male,30253.674260540698
male,33060.08593983148
male,30423.464123189446
male,39386.76492328488
male,39059.024020828416
male,15214.00550137859
male,60035.51239618532
male,55436.521367654925
male,33135.37140948484
male,45743.63047941005
male,46962.5662771704
male,47182.60534167858
male,46302.60145425731
male,43445.71130333692
male,42524.3341078308
male,26853.65072311944
male,63288.24462480185
male,17462.819859882522
male,44677.41066853369
male,35667.945152510074
male,58890.980809893306
male,51339.059017120264
male,46840.07265143687
male,32330.327071431377
male,52938.6099920165
male,43347.270051060594
male,29051.580862391613
male,28544.912801149116
male,53048.201870124685
male,51672.928655638716
male,69519.86407167149
male,36369.47485586534
male,34014.47736499135
male,46234.60608622415
male,60508.474294704276
male,73749.97672712087
male,40017.905888624475
male,59970.30975885828
male,50661.82270595983
male,46616.60485654098
male,54188.174275873214
male,69429.86063345417
male,52238.227588047615
male,54034.801048265086
male,59055.078443343926
male,53852.85462444195
male,41843.779036712804
male,60397.95466447349
male,50308.70707493635
male,38582.284123987265
male,17905.174163064134
male,53664.53242005596
male,51486.14599191857
male,38675.61024930572
male,55211.761848936505
male,52974.05536591424
male,45670.05819584326
male,59492.62561578743
male,56542.08909669578
male,36387.0197105986
male,21880.32273338565
male,53587.50206853714
male,49950.46235581841
male,50641.30498519207
male,40229.7966286539
male,34422.63779371103
male,40913.447980158926
male,46378.43635325941
male,42219.324828532954
male,44329.14452720394
male,54839.870128115246
male,43748.458876658944
male,39716.58870217884
male,47619.79715333837
male,39970.329170044766
male,29259.750660961367
male,30198.368018696696
male,59030.84910636797
male,55818.116636148756
male,37671.380474497695
male,42040.78240766643
male,42193.22671698428
male,27495.46936525975
male,31611.339357600868
male,65116.04057370407
male,46772.32548124514
male,52173.39030262188
male,47732.31748881497
male,35029.89587531267
male,42769.059176309645
male,39866.672364265076
male,38517.44107866389
male,31652.43716897453
male,38880.41996930967
male,24805.133703843414
male,14431.55961295522
male,66213.06307265483
male,53583.63676051206
male,67670.6594950218
male,44162.70385290075
male,51527.47930079362
male,32076.14609967739
male,48006.7238155599
male,43242.74182579886
male,28718.29254144211
male,43652.26740296762
male,49500.17182117385
male,63537.42645278404
male,60012.12173484388
male,39510.299584505985
male,47954.21492343543
male,51948.718468875435
male,26533.31531877188
male,47416.26486664947
male,49497.828745756415
male,58832.60628720134
male,32816.114927699964
male,44911.72324100609
male,59257.24313816859
male,44639.90155085912
male,45374.01306290538
male,50878.58504215981
male,37439.01588674325
male,42221.243211579014
male,53014.465219855134
male,57625.56916637476
male,47427.113041545344
male,44920.938652056466
male,49741.39747822234
male,51033.78362400015
male,54545.77223481459
male,60200.83756506087
male,35438.30938591311
male,82565.71514038778
male,56616.09016934371
male,33424.58645517023
male,54089.759684170895
male,44945.5112272204
male,39195.36380732292
male,60473.6206805317
male,41337.42329352943
male,43598.15350233243
male,16942.61581345409
male,37713.4006209281
male,46499.32378840437
male,48138.11620341823
male,16503.333373192258
male,28609.266461816896
male,36352.68266178607
male,42785.07891339693
male,44383.46408834298
male,26808.72873686534
male,31444.003369840095
male,47662.88676213473
male,43287.514239198565
male,34071.18306429443
male,49929.079562864674
male,39821.754398814955
male,46390.84375023128
male,58960.110146466344
male,48028.3199754229
male,40179.5466615684
male,69075.57194410273
male,48899.96623131018
male,36100.638252121214
male,49897.43714992497
male,44639.94218811132
male,35271.051135962436
male,46907.527140214006
male,12380.537825518148
male,31534.209142477528
male,29329.164501214644
male,52351.37599923063
male,37782.06105499746
male,27430.53356308048
male,44004.14617214827
male,28575.690879599126
male,39740.14641227256
male,40865.384427191544
male,42339.398959037455
male,66119.31153777894
male,37093.221321523924
male,48951.44221874709
male,17985.88597631721
male,20537.09496678365
male,25143.25139210563
male,55059.436993782365
male,65790.71470295261
male,35529.18601190723
male,45346.330586180455
male,48638.72261631904
male,50495.032597782934
male,44973.35348307687
male,44811.08744188336
male,26842.542174207396
male,41687.656588571015
male,38982.24301824451
male,67547.92737492127
male,40631.128648304795
male,46480.84491218457
male,44432.68051600353
male,45082.84424819013
male,47600.98879981243
male,50480.44341868145
male,39817.30282025253
male,49325.700657594396
male,30409.409587103768
male,36316.176353892195
male,47725.596892543566
male,60057.10509904239
male,36590.990442507784
male,43588.59362897125
male,34898.768935217304
male,33784.76239949716
male,42432.460293211094
male,51501.610885479924
male,54055.63778011087
male,59242.17557655591
male,31111.802795805008
male,33452.378892800654
male,21968.905615727766
male,37205.066009888054
male,19198.5380942325
male,20893.501094991043
male,49195.24275169454
male,51323.87036994509
male,59116.5044724329
male,57793.573408117474
male,43889.46198319663
male,39556.46794072759
male,67775.42972957897
male,54499.430028715105
male,32712.3722968836
male,53221.96996098423
male,70969.57960597926
male,45024.46167764433
male,64729.68598456264
male,47956.746645219646
male,43642.48400288532
male,66993.69043558376
male,39533.48264800583
male,23002.767811632788
male,42343.59829231252
male,40322.04259482337
male,39639.69903061017
male,32827.337240340836
male,32323.49357209249
male,38888.82947214494
male,45071.66135359135
male,11896.667826449113
male,53112.90106500014
male,36247.70442979018
male,25933.64444160258
male,44187.45320202503
male,36653.75265264368
male,61495.27409841074
male,40344.931542064696
male,24894.329866339034
male,44711.08043573666
male,28775.81298292949
male,50523.22668676865
male,35152.32939666405
male,49973.56737561968
male,24517.847477227653
male,46660.467513943186
male,35131.15530484446
male,55745.58121252635
male,13050.852709917675
male,20354.36917485603
male,43955.49821029242
male,49795.7712953684
male,44197.442022620344
male,21188.172870458267
male,42357.66266451327
male,53372.79572585721
male,64173.45394308205
male,35606.03642086915
male,34423.37667441891
male,39959.859361887924
male,53797.78546223959
male,48869.18001625644
male,51419.30275382935
male,64852.982806483524
male,40169.674722901516
male,60110.528799103806
male,33252.26325637922
male,38818.118373697296
male,48166.263712756976
male,44558.386213356556
male,23201.24280299805
male,46545.35831549312
male,48311.97860671855
male,58874.047639513556
male,46538.8961395532
male,46237.219515098695
male,52171.769152271954
male,37838.76055326464
male,51259.165274941995
male,41123.17520262775
male,43754.4974139062
male,53954.87923033721
male,52660.16848291544
male,13036.916246443994
male,54880.23747984658
male,35396.61421848839
male,28469.31686100085
male,71544.33255728934
male,34839.19757829066
male,45925.65695080699
male,59399.09560379734
male,48971.85838720974
male,65932.81714435683
male,54112.48262641243
male,40006.541544511
male,18159.286299164534
male,39359.889483436906
male,31973.2556360935
male,48219.01957707959
male,34966.41828617412
male,51899.939689161394
male,45013.342535123236
male,57150.584716264704
male,35423.43125260505
male,40091.5683951474
male,41558.69122058411
male,42507.0084517464
male,63521.32478673324
male,65223.56863585744
male,48223.30107005873
male,43528.56077218157
male,57986.90395489748
male,33145.141151980155
male,35914.59388755249
male,46639.95852976218
male,56599.70418721175
male,38444.49397063971
male,46985.20104432766
male,63646.017171500054
male,48367.3674927287
male,23572.281383565427
male,26628.608382379465
male,33017.309587525495
male,39052.60481320779
male,75254.98733081482
male,31099.106467489997
male,39780.07724655106
male,30143.383985782057
male,48293.42365124341
male,39871.911313532066
male,34933.19400499842
male,48416.840908284605
male,47129.54144623576
male,35082.80016109741
male,56858.69313798224
male,40496.875648346664
male,43682.3854384819
male,30925.831752403403
male,30540.005055479825
male,38620.21337819157
male,43335.246256446706
male,34642.700846171734
male,56629.59719294915
male,25349.449270448917
male,48758.941536938335
male,34431.94566093416
male,44123.64369290683
male,51124.48401825307
male,31714.54652796553
male,25647.48083650014
male,40099.538255862404
male,19653.03144299717
male,69749.12420256459
male,37147.94346219869
male,53176.15388512385
male,30365.02110517434
male,35777.61754179248
male,2855.832602015695
male,47693.920907461645
male,24869.97415986305
male,54344.34718991335
male,38968.31452285626
male,42158.77136939788
male,62586.365397788555
male,61744.13659992719
male,41614.329228608454
male,30210.911608220813
male,43271.21916179817
male,47717.60994678922
male,47748.761387142236
male,54909.288298849
male,42164.86672304086
male,43189.81160536959
male,45492.0516489413
male,53701.31909755533
male,51078.82635362855
male,41224.45431751497
male,35803.25768040295
male,41847.763672058216
male,27141.573829203222
male,43762.873833734644
male,39230.146161989025
male,50677.42211945808
male,38774.59324392695
male,50401.5113391223
male,33619.16674615056
male,45020.29707815341
male,41496.9115274986
male,55465.98988506236
male,20287.609785415487
male,51037.70051370543
male,57651.464389840665
male,37585.57335974822
male,42658.90139619788
male,51765.905523964015
male,46679.63489855332
male,45719.610992454225
male,39392.10680390942
male,38476.4500370739
male,23277.195249273085
male,49797.23539762479
male,43717.20427687547
male,43811.63240861404
male,23745.205206919578
male,50433.682279758126
male,31952.414530554182
male,36224.12168008097
male,40383.479773163155
male,39404.114713020586
male,53128.18581249911
male,57886.88128241509
male,52332.64669835397
male,39719.8213104442
male,55696.68792477941
male,48784.642406297506
male,48865.94399480909
male,28205.736848178753
male,28324.376908487586
male,49876.70007931287
male,47880.73374786169
male,68750.94656048236
male,53560.79414752367
male,35749.896739168
male,43751.04879956633
male,66305.86591792134
male,31099.488627696544
male,25412.97319386822
male,35572.401089508094
male,63711.25301734816
male,16602.776006426204
male,27966.997146546037
male,29933.312768331078
male,40952.96321933748
male,46715.32076837838
male,46170.572487309226
male,32325.989344822905
male,50839.82486318668
male,58246.48457565965
male,53362.92304042762
male,35326.041456526
male,33913.36399318614
male,36425.89766181323
male,45575.529118205646
male,67851.10492469351
male,16965.4184072345
male,52216.3164147232
male,41953.89276934679
male,48442.64076179239
male,48214.50802324923
male,64714.86813701392
male,50967.157679429176
male,39453.92521958402
male,40937.219942096104
male,52870.05207016575
male,83894.57900185749
male,36441.78782572774
male,26408.900143709117
male,61306.842669291545
male,55829.53898960339
male,48786.266214119256
male,45292.501105629606
male,63947.52626369995
male,50407.928960496065
male,38498.644489840735
male,33779.01301048087
male,46696.2828004226
male,32363.044306079468
male,40994.47007464566
male,48435.33798751549
male,44540.3382194264
male,41735.45927404163
male,44945.70311205847
male,35072.035270285414
male,59994.39993975438
male,51536.31877870118
male,49836.11975664775
male,44072.59091099201
male,60361.36632978844
male,32769.137560632276
male,31697.156920061003
male,33557.04213850646
male,40568.4703690419
male,29003.350984303026
male,43954.703495009206
male,48271.16588148044
male,45166.343597630635
male,38847.1267691572
male,61121.158455449826
male,51127.23814873713
male,48591.97044695809
male,43880.854813603364
male,20818.870898941288
male,35375.96537339786
male,34826.61330140927
male,27195.06413334534
male,32758.37615461378
male,36807.60139618356
male,82971.79623866537
male,37188.741246148646
male,51249.55878145885
male,45005.92755252519
male,38219.944386501666
male,47340.697337289574
male,58226.76121898112
male,46332.68364275995
male,58111.47069915241
male,33310.09451486432
male,62340.98300655985
male,31712.2003736068
male,42572.61939510376
male,26270.0585846686
male,9390.881482461587
male,39656.081421976705
male,32014.780903691335
male,54420.541534490774
male,49586.3196008249
male,37464.738658443675
male,57812.45057673622
male,34527.33417306129
male,51786.08340077023
male,22832.938052953956
male,42808.62840927284
male,60220.88359142629
male,42068.903900957
male,38718.893513784635
male,28118.641486041957
male,57437.518062585565
male,41770.683506748974
male,35526.76389670058
male,30306.53461060479
male,36883.44537179288
male,28263.058929572555
male,48999.76888595976
male,33158.01892677539
male,44609.043854271535
male,32907.13280917675
male,46134.07208400426
male,41821.38666631703
male,18747.268671103764
male,36707.52870419937
male,53381.06585332108
male,62333.04193334169
male,37236.87576284505
male,51986.69296483286
male,37021.24781523755
male,33167.95378965935
male,33449.12888891838
male,37150.667387856134
male,61211.12280286339
male,57528.8525332631
male,56717.693531755816
male,46166.6668055739
male,41984.700774433775
male,43495.53890607144
male,46899.72464068334
male,48373.096807838105
male,50541.62709818213
male,41193.83923317576
male,24793.213282098972
male,65547.55598375434
male,54336.09328514083
male,31460.65057058857
male,56471.6014484569
male,58074.41440620052
male,27337.17336701242
male,48381.22224991765
male,29203.195219666763
male,48990.18363969134
male,48573.9112031548
male,46175.86702042824
male,52766.5579756551
male,30877.21623715891
male,49821.24274296679
male,42214.89565384809
male,54333.39204958907
male,37827.10383066989
male,23590.719040836353
male,41136.52854921549
male,44508.123090513145
male,40336.16073584266
male,38843.60650028685
male,57821.572960139536
male,42571.29764085451
male,46626.34383260574
male,69589.30014438769
male,45305.12381723245
male,21799.943096104147
male,48113.06298436699
male,38595.59212834116
male,35045.81415052155
male,62098.46120288714
male,71403.34367123753
male,52005.83727150336
male,31173.265925011776
male,32523.217798370613
male,39361.126886251746
male,33548.84722081909
male,39557.93086918549
male,48320.93552159876
male,31613.928346303725
male,18532.188406897607
male,39783.69494820551
male,42700.35514783229
male,17705.698119808058
male,12465.970499126746
male,61141.65105333399
male,29896.65566034309
male,43513.147828839945
male,53952.134123756
male,54006.05330740486
male,27184.81549920152
male,38293.77125838278
male,41167.18823790028
male,39124.93611267162
male,45695.970785780955
male,51241.502662715495
male,43722.58422000434
male,47961.14953270694
male,61103.625182891745
male,40696.38804315178
male,34333.5317548169
male,62710.63130816981
male,55655.00073678744
male,17350.715059600883
male,29869.256971498904
male,22468.217889764986
male,48613.922328658584
male,14779.005651400186
male,39103.49126656743
male,30354.99638575554
male,39306.86381797097
male,35252.723172622296
male,52406.61643098219
male,27058.458190772475
male,14734.73127214392
male,37943.634335745985
male,53426.68794542477
male,25423.812645705522
male,36359.3689856556
male,23771.845081087202
male,22415.9320132266
male,34335.90111680447
male,32224.20303333649
male,65435.57796012783
male,30123.624639950893
male,33248.37689003339
male,47721.915991607704
male,46535.5235852188
male,50795.60785846409
male,41057.26908355436
male,43829.95038038935
male,50577.814383354285
male,51173.037044653305
male,25228.198075527762
male,57809.52294255728
male,36235.663492083746
male,51039.39097062369
male,27324.578487748713
male,46444.84573244228
male,69250.20759965591
male,58749.82094959553
male,78744.5485792405
male,39439.94271237078
male,51413.659307083595
male,29519.41782285954
male,53888.174826975366
male,54751.1274294214
male,28880.44879793073
male,50064.434009749646
male,31182.047087543415
male,42996.91209686353
male,45181.7852904304
male,40641.27873412113
male,48326.449744254096
male,18096.645300768545
male,44791.67265044549
male,51640.50108796482
male,33309.74334206494
male,77551.53344985742
male,48769.51822299979
male,33414.11886696208
male,44189.73913052985
male,39717.1951319936
male,55883.99426265278
male,50785.262817347306
male,47160.565522350575
male,51028.4171709656
male,56190.40618011551
male,62384.984771083895
male,57826.96105500102
male,40570.308062881544
male,38513.430020805936
male,13697.536635332275
male,45353.927921253715
male,38822.81363986707
male,50474.37539648634
male,46303.59778304778
male,16942.376076051012
male,43917.49872877041
male,33001.3763716048
male,23888.058196177266
male,59690.282445770885
male,35079.874486080196
male,45432.71145490427
male,57285.008948062685
male,27714.62400638117
male,61968.684175543734
male,39111.86255696011
male,59314.06895721955
male,40781.46059563899
male,35986.231929791735
male,48132.143622252086
male,34864.95912656428
male,53168.49303762733
male,38381.694298999355
male,36525.0754891172
male,55893.024672447085
male,46524.17772061591
male,44442.77165380184
male,30993.045455554355
male,52894.924473867584
male,45673.64787373349
male,39271.90384292993
male,60956.80054182959
male,41106.933697140776
male,48789.43137976542
male,43040.42461287373
male,24936.67935743856
male,29844.611493874352
male,36738.45119559061
male,50299.192852619104
male,64954.00802986101
male,49115.59500464312
male,60124.603721246545
male,52974.36253734043
male,37787.54773747672
male,31754.58851732044
male,31431.06851712486
male,46528.67350869947
male,51376.42272756273
male,56214.24493766227
male,23678.64163636848
male,39733.57637764789
male,47928.63380065447
male,53097.76587036923
male,22774.43153278066
male,43389.55074054288
male,37170.837733067376
male,41771.765928997556
male,57385.277937892744
male,42810.129799072645
male,51122.80541318602
male,44771.05466245173
male,19172.02803125579
male,49245.71475918449
male,50250.06258661041
male,41260.431110949365
male,42506.68093292731
male,26083.23638972579
male,46706.446705209266
male,35162.50899018379
male,52766.285435841535
male,29635.41636585685
male,52902.47440066846
male,32805.712300382445
male,39641.98876364162
male,43464.75367172754
male,59890.5133172099
male,43441.87415368902
male,67625.08762475762
male,22749.588958320714
male,31428.53998406973
male,60076.247367425276
male,49374.98791730578
male,48159.7375496567
male,19947.843904949565
male,43637.744995802226
male,42000.76196505922
male,40980.444836821975
male,48932.78302325768
male,41713.62076736344
male,35235.42749185062
male,26029.80442849242
male,56700.95919846333
male,43694.735597990315
male,16825.386828287374
male,40998.89598397891
male,23302.800290077244
male,51729.963065730786
male,48971.487720359175
male,38253.320568561554
male,59084.758460921206
male,52070.05231259072
male,48311.09251277813
male,49906.91246596435
male,26762.019495409728
male,40521.449117443255
male,39435.86982934751
male,47932.112793928085
male,40990.9953201978
male,50841.73451552258
male,31317.270372086554
male,25634.56203723515
male,33558.33969278985
male,36121.53152765555
male,53906.566167022596
male,32169.855665339066
male,42991.61107534808
male,64649.809809429105
male,59778.565545768004
male,59855.14333055046
male,58502.288494697765
male,30862.169408009762
male,47428.88375243001
male,40494.482080647154
male,41832.294718522644
male,32710.829220003936
male,58851.0218046897
male,51136.177424310335
male,51028.88212338199
male,55977.44703239495
male,43471.933034120426
male,48037.85580344332
male,48395.727913599854
male,36258.135289949154
male,30315.809441829497
male,51025.73632000525
male,41387.7659699662
male,51229.892136641676
male,55099.73923964033
male,50835.782492976294
male,41475.88774487094
male,56638.99830019022
male,19625.91091616179
male,32540.24597683654
male,25581.33772561174
male,38696.19661026578
male,51223.88780507297
male,12899.75166516422
male,47304.65093962665
male,50679.347386373694
male,32156.57953063641
male,31904.47453527397
male,32604.259521736527
male,26365.217492605258
male,41018.356462552176
male,33887.17842253817
male,29768.807195883706
male,57082.33471629334
male,50501.245696907325
male,43708.045882331426
male,50571.23269653451
male,57233.73714760536
male,36020.09879648905
male,64237.90125336359
female,22704.181051787207
female,24552.495194760617
female,37473.09879598413
female,39222.788911153795
female,36365.023528469865
female,47971.29826354802
female,22777.136908514418
female,34856.49031995812
female,45638.70054473755
female,40374.49203677195
female,21216.372922772003
female,26799.75323026667
female,38090.988567111526
female,14798.357350336999
female,34446.22102678011
female,50666.58413928466
female,33735.57357613711
female,31308.06147336491
female,19629.324448589716
female,41279.0719622149
female,34341.40888461849
female,12548.28107636019
female,49408.173520883895
female,29302.970776493894
female,28815.20912047107
female,24175.23989310605
female,31680.178111552596
female,40038.45748774342
female,55991.5351711259
female,20980.368749684643
female,26076.69310009011
female,32095.354777498174
female,31108.40505687881
female,13318.575559789962
female,26614.44609880902
female,49936.440232900924
female,43247.97195974107
female,54483.73500925818
female,18856.849898444314
female,18977.270600997654
female,45613.54461264834
female,35131.199691374
female,16838.36142289478
female,32780.89448502622
female,26030.820926468783
female,32390.88970574238
female,25452.139115403686
female,50518.07941476352
female,37549.75430954006
female,35797.706430797
female,35571.07684866556
female,21256.960613504605
female,27139.431143418456
female,23493.81303774286
female,32251.49571113696
female,56436.02432774293
female,29327.60171544903
female,47639.94380676109
female,51393.096291617476
female,36771.99229734661
female,38624.92889662507
female,28339.34312980212
female,40475.99826208172
female,54753.88349127325
female,6080.700375444528
female,31672.69843504648
female,46237.73129879252
female,39620.2546346601
female,27505.845136537126
female,39451.25230132621
female,35697.329266905545
female,36085.63828339813
female,8200.039988691044
female,35000.56307442237
female,48251.09690485709
female,37896.47318655019
female,31434.04979258708
female,34911.17486996022
female,54052.28702839917
female,50817.79740655097
female,21565.667835358443
female,21161.019650780465
female,24544.771566619205
female,22575.702553099138
female,28692.717587736144
female,36962.222695883414
female,36830.44060803908
female,33127.537319794195
female,34180.09772640202
female,41168.05178209166
female,35048.198623314536
female,19083.758464616614
female,38156.07065358973
female,28157.59942420673
female,33202.380565931715
female,30529.435968416205
female,34735.4480724633
female,34363.46496962103
female,45699.48952802755
female,40508.8928958517
female,37225.55221369202
female,39783.1038155847
female,24217.460216838583
female,37750.165202781274
female,28143.628559756045
female,34826.73829055084
female,48231.322634953314
female,44050.88316086347
female,28566.70787632143
female,24239.181586438805
female,43403.404125685236
female,42837.451163201455
female,33233.11746643375
female,50331.4973509501
female,38446.073277273346
female,32886.64973697567
female,42985.93313819523
female,31524.90689126448
female,46505.542723165185
female,32429.925407028855
female,41554.91943582989
female,15386.554508930298
female,-8021.926322518881
female,26429.248566442922
female,31796.516984761984
female,38363.26589092386
female,33895.9316496032
female,34708.59579539147
female,35698.8815951666
female,35850.339499368914
female,47651.48513368145
female,31880.861026351606
female,41007.98351382097
female,45144.94090718898
female,41106.40209060436
female,50285.702684991695
female,44783.030384924525
female,45725.89854687626
female,29582.148941741812
female,42747.33595799405
female,48283.76968675134
female,30797.361973605515
female,36356.481341477855
female,40055.137378264146
female,43467.23204240566
female,34456.377187646016
female,45979.57835704731
female,9820.839003085597
female,38452.49193400692
female,5466.53362539607
female,39272.56080420483
female,32570.848065099624
female,48122.40539395976
female,35427.832589590915
female,45343.47334318918
female,40244.88019386621
female,45101.62064416545
female,34681.84593453052
female,34973.764158573154
female,26992.416493095978
female,26375.722962051957
female,46835.16847353082
female,54784.89071540902
female,45199.12509099985
female,44040.56362750265
female,47993.31289776949
female,33188.63011632071
female,29091.247156937778
female,28720.92502615668
female,48073.27589533318
female,15073.845651235995
female,26292.352807356834
female,37774.260649643984
female,25603.2282920186
female,33744.31979109992
female,19807.750379512003
female,26315.35520141079
female,46392.23721108171
female,34155.24584361479
female,28899.70355775317
female,22066.293594585197
female,42743.83056632302
female,43422.161009053394
female,43828.44532067432
female,33260.39597171833
female,28494.465890555166
female,42562.58158156895
female,26675.677502545397
female,25558.046584909986
female,38414.5539165977
female,24404.470528480957
female,47617.548684334404
female,29890.30704972176
female,33265.479380228135
female,26718.661128758882
female,30140.1303084714
female,21025.68977496832
female,43372.85950612325
female,19375.824405883573
female,35068.268812305316
female,17162.17620487403
female,26061.74106799302
female,24578.557366753535
female,25102.9493450583
female,36717.10955390967
female,37774.81568448428
female,44142.216612476615
female,34085.80561157427
female,32031.39755660378
female,17939.53606221175
female,25759.53224345158
female,34799.94447558307
female,45039.269132317095
female,34709.38215044161
female,28515.54343440681
female,53244.944504636725
female,24150.92094179624
female,37576.37416188126
female,38086.488946230136
female,23718.915823905198
female,29481.16447967934
female,46375.42995692574
female,27933.744569528513
female,31160.62636740696
female,28507.537656881468
female,33846.45421322402
female,37568.6841288434
female,52999.52861243225
female,28020.003841528684
female,17448.986814129923
female,36140.057462734454
female,20068.29471849309
female,43078.24972877491
female,25950.66771264009
female,51655.36085673194
female,37607.97882320066
female,22598.794337991418
female,39860.078608615884
female,52933.93091380581
female,29706.11313374294
female,39573.788932605086
female,31543.839613271834
female,35974.941420257644
female,47491.14923744872
female,42832.23403197229
female,32117.310033994992
female,26791.602023482832
female,27740.438337105803
female,46683.64944532011
female,41317.0241530212
female,32041.570753917687
female,30076.445316884117
female,39764.71477200754
female,6977.019746652296
female,31966.480992041947
female,40267.20538032506
female,44681.46657523707
female,29087.28467702623
female,37088.43702625454
female,8801.06595498765
female,34884.25717254152
female,33543.70753134152
female,45816.24907693898
female,30141.27279631797
female,39966.66916485928
female,35206.3443178092
female,54872.92277821232
female,33506.28277353278
female,71567.97435423723
female,57177.86423489191
female,45848.30105311351
female,57999.89378721013
female,50014.98474526759
female,29760.137690337273
female,25714.95573258712
female,21530.03660247701
female,21096.338711283704
female,34372.74432003404
female,10817.688506205872
female,37518.475691015105
female,51806.629819238624
female,29347.424641610018
female,31397.062567063305
female,30961.90763058034
female,21800.122191792194
female,28680.74652638049
female,35328.703700672304
female,25456.898843833966
female,21438.00065290788
female,34019.39478001629
female,54091.71194350298
female,42009.98107317326
female,28498.59549692952
female,34509.01235218718
female,35314.647501629166
female,35603.34965223192
female,21512.40447971136
female,45053.149354389134
female,49616.071738086175
female,50121.33347028392
female,25016.9744258362
female,32394.526752521793
female,37666.869412105836
female,36374.84346984426
female,53110.5895116405
female,22531.43342174601
female,32457.137342762737
female,38742.34421083391
female,37885.85836345198
female,53843.037727107396
female,37917.22545929023
female,31481.72124106144
female,32263.461965269424
female,25974.212931151866
female,57720.27486005493
female,37083.6773314975
female,33735.252861210036
female,34021.9860121469
female,42544.422759283436
female,32483.01291518107
female,33541.15555378697
female,53090.151488661075
female,34542.16070251485
female,36585.332081742796
female,17768.536416859402
female,35743.16632465097
female,44442.717815572905
female,49264.81935661278
female,27095.647882091973
female,44076.419053146936
female,38366.12020985354
female,32274.254374130636
female,20435.956522416283
female,23623.229816313167
female,48227.506747523315
female,36153.472635411104
female,27392.112629819014
female,36970.094120013266
female,29427.237902627377
female,37338.67105090143
female,46513.732736870006
female,31766.323202092106
female,59143.60113159971
female,48135.721514495235
female,49462.225108524086
female,21077.635984490884
female,16801.36441459329
female,24571.965473470198
female,32864.21390113183
female,16352.432290886769
female,34953.9235257277
female,43282.53599431292
female,39117.690633037935
female,33190.434562417584
female,22222.402702811552
female,34035.32498275709
female,31846.867111739888
female,31766.94241707263
female,42325.7046227174
female,41339.09941972953
female,26315.928739844894
female,30495.079495354865
female,33680.10192428293
female,27875.175312173338
female,37278.11200875906
female,27556.838477004687
female,30974.57491656113
female,37176.037368893914
female,31517.55389741674
female,39429.973682540214
female,46476.941233995596
female,37310.33071654716
female,19701.842901911976
female,30646.368359276123
female,38895.09134988783
female,52038.54406389912
female,40623.18812775198
female,23283.932212473082
female,46018.751486082256
female,21955.46647245262
female,17075.6403057069
female,36370.43427124174
female,30979.438513856538
female,20635.71397110571
female,33416.92667180981
female,30066.444907055138
female,49130.125899364444
female,31012.125072606665
female,21803.280436039135
female,40867.08313752735
female,63458.6314436836
female,45152.11852715512
female,27252.123213091058
female,38594.31306896562
female,42018.745068639706
female,33673.40474925731
female,41765.69854963078
female,39564.6547863217
female,46480.42746819041
female,39630.93476246346
female,34038.679014104026
female,24935.20133657513
female,22644.38326967258
female,34567.64426051607
female,39799.089623320324
female,53727.89540176727
female,34664.086315795474
female,34644.036169971
female,50754.55973099545
female,46548.550281193566
female,55665.888046520195
female,17224.143113990256
female,40381.5534482994
female,43892.74706377788
female,35325.32610357241
female,24119.28340776461
female,31099.27055320767
female,48045.69524051883
female,43709.76493605617
female,29256.228832501874
female,19524.84372189273
female,41858.16608786381
female,29122.846468109867
female,48549.6353273429
female,44000.54278541736
female,52783.68754839056
female,31273.09024793492
female,29828.428101233774
female,41893.58612170884
female,38536.804129972596
female,35446.73298793675
female,32845.40328247486
female,40560.81976399331
female,53424.15645677055
female,44936.96761435913
female,47326.83647114226
female,61827.42320530197
female,35064.32734228135
female,32877.24320443615
female,44244.70752683928
female,30130.005909037623
female,36961.5391982978
female,33712.99821636192
female,42974.165732612855
female,22052.20293707962
female,48081.208584374916
female,57388.34142500263
female,40776.852424381286
female,23837.392468785296
female,66349.26140415306
female,36703.46272201382
female,22934.57396031145
female,44687.59224893317
female,34208.683834350406
female,18467.260551231157
female,21835.136043250182
female,31486.297364368424
female,44545.373537428255
female,30342.25054125247
female,41508.06718946269
female,34865.39386417342
female,47561.71590207268
female,19970.731670516994
female,28860.953006394022
female,5345.305427403105
female,51378.879426086314
female,52735.08329676192
female,24165.193952380178
female,42285.56907813498
female,26026.207552559623
female,39985.03501221347
female,28913.248754969136
female,37888.20314639498
female,24962.56508798511
female,34938.987152117326
female,41134.45212245479
female,42777.30297276296
female,41153.12805988024
female,24144.216298960506
female,47977.32782258445
female,52949.01473929246
female,50127.53517187002
female,56094.8037829617
female,41179.57910351638
female,46632.605825493294
female,48982.617508919124
female,20801.263719886494
female,31915.17451466125
female,49825.61751726334
female,24424.513078719476
female,41078.25036105413
female,24374.328105709024
female,30652.52989604372
female,36749.64007916485
female,46560.55578860993
female,26077.778164163756
female,37200.79162317561
female,23144.53671854675
female,41052.87790663137
female,35779.96787643944
female,55939.469559700345
female,27522.151158744353
female,47763.71192413694
female,44670.16905026207
female,45985.54025046637
female,37800.23791113981
female,42194.952221044274
female,45326.15021326473
female,40750.6919610249
female,32964.56469407467
female,49153.010961212894
female,41199.8326618506
female,44019.35255618365
female,19809.844127021926
female,32028.351046777636
female,30655.46794953982
female,45673.381781232296
female,17700.343510555773
female,33067.67546344095
female,33609.36480209683
female,36347.554359039044
female,35016.710542487934
female,34705.40049568587
female,39939.23589668931
female,39436.49475608454
female,44618.08837049794
female,18335.918782186603
female,45347.63208406326
female,29522.207630278757
female,46671.50788913138
female,27450.277476766372
female,38159.07036432958
female,38482.84833444016
female,16876.067771347054
female,43976.00351341826
female,33441.35540896473
female,50566.23325953484
female,31113.518156831356
female,30271.58995725353
female,47049.30849389188
female,37177.62868733601
female,28014.8506643149
female,21798.70593921836
female,53703.50209880007
female,44775.02326254379
female,24326.152194960363
female,45767.523808066624
female,42579.34020214758
female,20313.13965765089
female,33449.716420281096
female,39662.51653068282
female,29276.994916855878
female,34657.82088509216
female,44356.98491645587
female,22072.067985676007
female,45593.82990498429
female,43483.75728990772
female,39286.94950401511
female,45129.734202817795
female,27446.536669049292
female,39325.42477548475
female,36135.34835532464
female,23477.817133308145
female,47495.093408004235
female,33350.26902974644
female,36345.763350495174
female,32922.872048533085
female,43284.93569081103
female,31796.46283729723
female,28083.507382471827
female,19553.67639458154
female,45305.76675426981
female,39295.13561898764
female,42887.89836103026
female,33506.23131828495
female,30503.5811682069
female,37561.043211773635
female,43585.85359150545
female,47982.04227009298
female,50436.83486253202
female,16491.610615114878
female,25626.82329357248
female,48261.64577255439
female,18070.54798186435
female,18297.937517792303
female,41955.742184525814
female,45166.87305762359
female,37720.1929765265
female,42416.45262034182
female,43602.50145380151
female,32943.319220996476
female,30459.096191141143
female,45957.31837995452
female,26577.598223905956
female,32837.56161885924
female,44569.9327929332
female,36499.45429411948
female,32675.696198911188
female,25976.971331289806
female,16483.872364362436
female,31229.149543314863
female,31656.144025388745
female,54644.87909638872
female,34723.67017446203
female,54072.131579754
female,34652.86458789165
female,33559.24207200288
female,31354.844151630055
female,37468.82921432668
female,12809.761084394035
female,29921.578244155404
female,29196.50319296323
female,24141.765064889543
female,38818.316568436574
female,38831.8630518547
female,9643.513411644453
female,27024.37258195915
female,44486.862698073266
female,23133.895871447832
female,31974.479173162483
female,32266.29518674747
female,31657.48122152763
female,41316.4182042393
female,45417.11642728569
female,31093.253225352335
female,33296.68939301973
female,23667.793080183525
female,34386.359670438476
female,24544.958695858426
female,39839.83533198737
female,33322.53212935379
female,37823.05865582578
female,37458.47195330232
female,47467.30612932657
female,54552.925604840064
female,42124.55621829872
female,7028.389531190903
female,25916.50954609202
female,41005.51472349035
female,37047.31473398992
female,37749.40842430313
female,55472.13934066978
female,34535.4239716362
female,20741.867242624736
female,47980.46130434705
female,34032.86132397317
female,31631.28080562301
female,35914.99068393071
female,51690.93201875527
female,42834.48990968818
female,41943.15492521431
female,36384.02094150923
female,21197.816047781147
female,30106.17451623784
female,7892.40986252042
female,43841.14459842576
female,32631.872749009308
female,34607.56779763519
female,28915.2528278545
female,33554.189969306695
female,34553.33385480448
female,37765.57390524902
female,42763.7640337946
female,33646.99002468687
female,26846.496806493375
female,37001.994078661075
female,29689.942458838304
female,29301.373891072024
female,43528.73053433106
female,23319.36908765208
female,46962.572553633974
female,49906.20240851202
female,48241.54020145409
female,34723.14402011103
female,30405.0275625437
female,36902.042782473494
female,40720.64848150634
female,37591.56520771015
female,50244.44586220129
female,30883.56499317143
female,39440.539978923436
female,43785.41629380334
female,29802.909880334042
female,21393.85695517719
female,22572.374773514322
female,36608.187130018414
female,50502.96545239606
female,22792.910230673537
female,30056.718198997834
female,37557.56197626819
female,37364.49056499442
female,40050.31047296539
female,24568.2557329439
female,41529.26427323118
female,28895.186000323443
female,50400.158480806735
female,19914.645818437835
female,30623.511983823
female,52633.23526100822
female,37796.042119381986
female,32707.050313139975
female,36737.20969735834
female,38562.870947739175
female,29639.220460310775
female,24172.256323136127
female,31317.685280714057
female,19397.791227464037
female,43724.14929538067
female,36934.12624969501
female,43935.7983171831
female,27155.655419004604
female,36002.55521143521
female,29213.55015485449
female,38245.930350093535
female,23178.672008559683
female,31269.03479129396
female,18567.59968501361
female,24816.456954670637
female,40077.96101572089
female,33562.11780427667
female,47990.01664745242
female,28053.07049302414
female,34772.8802717261
female,44042.70041468705
female,42584.61558526501
female,43932.54835277885
female,22251.906111336153
female,31326.23831307812
female,22526.694687757405
female,16506.45965397139
female,45409.516718492596
female,38052.74189031391
female,42374.344959997215
female,45144.53823195171
female,40477.31589915498
female,34730.55671941156
female,35059.25584431439
female,24641.585881620602
female,40320.13501125438
female,47688.07830021622
female,33791.642058307254
female,44656.14541265993
female,16506.067188580513
female,22755.75986880499
female,48545.16354347542
female,42151.5044347113
female,64157.09337649896
female,16961.03157893696
female,26860.439642198344
female,21154.762068397536
female,47038.85148333035
female,38991.34953995102
female,57184.875246392105
female,23976.189607167158
female,51114.244320461585
female,23822.22073768458
female,34309.47577656961
female,42562.29755588047
female,23246.414204164103
female,53081.49234523653
female,40426.73620889187
female,26223.458079592132
female,35924.12709719591
female,44500.75448659319
female,30075.445728739935
female,23823.7352594775
female,39257.34558950902
female,36067.599554624794
female,27908.610967369626
female,46217.79825950757
female,20013.051756341734
female,25633.707673395096
female,43364.74729948875
female,37102.55339651346
female,28754.898660539533
female,19988.08108534147
female,40481.9050296021
female,29853.17707591902
female,43026.38842564365
female,21800.135867318968
female,23912.305041050513
female,43128.137516809205
female,34023.19051791669
female,31868.669868571815
female,28506.674659607543
female,34727.529787289575
female,40299.064470547346
female,31837.715245525975
female,17821.232538716464
female,33928.739212616856
female,9654.341594621937
female,40575.16204562401
female,49152.4839582989
female,29797.863111631545
female,33122.85160108521
female,33907.971587384556
female,23122.554430238317
female,26855.029197593238
female,51633.768195370474
female,38944.99377691986
female,38096.43756697941
female,22235.001789117334
female,51658.39056671932
female,23682.26536949251
female,34365.51477961244
female,48813.440206548745
female,42475.344941978634
female,35238.672234722224
female,27917.597289077235
female,28377.656670831042
female,47200.447686413536
female,55192.012114936144
female,36855.14270720089
female,35339.227895841985
female,51523.25154797466
female,37595.747009358005
female,36681.99332228131
female,34047.30549998219
female,43433.50592340151
female,45965.118395816884
female,22304.263654541974
female,34459.037031610445
female,20172.490405466673
female,49976.123360476595
female,38725.72602112007
female,42109.38753943373
female,47119.64659860115
female,51616.01600905499
female,29402.759664594403
female,47099.24584909402
female,21163.689585363772
female,38365.72961211423
female,30069.227804661372
female,25024.101702343876
female,5229.826900016575
female,41470.40040844317
female,33513.55173964945
female,15587.39376694791
female,32823.35202922005
female,35542.041959546266
female,33763.759543225926
female,16324.619749632782
female,30984.10297851106
female,48928.975690199084
female,36107.82998245725
female,28832.574539111098
female,37649.12531316962
female,23549.95000934405
female,30300.834384939444
female,43522.310414225714
female,42241.35374398104
female,30019.768110249122
female,47455.06333481073
female,49990.94112151212
female,50906.3505900301
female,38090.77533622187
female,45712.31070915762
female,38822.753628894134
female,33443.812589206886
female,13313.16620366166
female,28982.59883872305
female,50369.22595347238
female,42427.33769683725
female,37368.52618257541
female,28633.839274165584
female,36185.14416470218
female,42583.43646914281
female,24052.493842260403
female,26894.352722320295
female,41694.05908393643
female,51746.82870548788
female,30578.059759183605
female,46753.6429544013
female,36333.80408609213
female,38743.48876450536
female,34993.90685159175
female,40721.82483664002
female,49737.799975204
female,32842.588299492105
female,38147.09086578549
female,22336.94366469938
female,54920.99093957347
female,33735.22399796666
female,33409.23314303059
female,32982.101399046725
female,31301.21616527634
female,26441.950951518884
female,52532.999936639775
female,39885.41373172482
female,34687.76189253117
female,30896.755931502194
female,28739.341098411445
female,49687.68863855052
female,26729.598144175285
female,45962.29006222919
female,42555.801695613736
female,59638.87280582472
female,43659.875228460616
female,34871.083142797834
female,37186.94833910994
female,18113.404706189067
female,23297.390245854884
female,40496.68150240175
female,33005.649839524245
female,23810.526258463207
female,28268.868820337713
female,41292.54658037568
female,32460.84431621883
female,31103.103000902072
female,36929.83134158697
female,34088.13036302265
female,39081.027676722035
female,10197.42577395092
female,33141.291883546546
female,50058.124460089704
female,42456.72823862486
female,33819.7989751786
female,47101.551183937314
female,27948.261785764298
female,45872.050108143274
female,35986.13196615566
female,30428.86810172087
female,42304.621843170586
female,22595.908476695877
female,29785.872290933326
female,37334.49879189137
female,11624.654663125286
female,40595.27835973642
female,32002.493256829497
female,38929.30406263906
female,33789.07515271045
female,42624.76815659223
female,51528.13858633974
female,44610.47600763475
female,39098.37694496556
female,36057.693329234244
female,34916.17343694659
female,36672.93701519657
female,53039.6772218341
female,33194.35197159945
female,31966.0103589577
female,19937.43255307142
female,19494.790361265786
female,26987.330393046
female,31439.125113577655
female,40434.40763987296
female,29992.300270676613
female,41105.91884015654
female,35492.20302156794
female,24486.82599676665
female,33730.88332308782
female,28809.06460797011
female,28083.870344471365
female,43737.128717377855
female,39794.90676906185
female,59943.94680303831
female,32475.314259046147
female,46189.40237878263
female,22796.067948591008
female,35203.4589834391
female,43096.73627249372
female,33805.00846556926
female,32539.370703762983
female,23606.642756995938
female,22193.866965509966
female,22324.08650693118
female,33998.76084231162
